episode,reward,epsilon
1,889,0.00998645168764533
2,1699,0.00998645168764533
3,1741,0.00998645168764533
4,1843,0.00998645168764533
5,1837,0.00998645168764533
